/*
SQLyog Ultimate v8.62 
MySQL - 5.5.18 : Database - barrierserver
*********************************************************************
*/

/*!40101 SET NAMES utf8 */;

/*!40101 SET SQL_MODE=''*/;

/*!40014 SET @OLD_UNIQUE_CHECKS=@@UNIQUE_CHECKS, UNIQUE_CHECKS=0 */;
/*!40014 SET @OLD_FOREIGN_KEY_CHECKS=@@FOREIGN_KEY_CHECKS, FOREIGN_KEY_CHECKS=0 */;
/*!40101 SET @OLD_SQL_MODE=@@SQL_MODE, SQL_MODE='NO_AUTO_VALUE_ON_ZERO' */;
/*!40111 SET @OLD_SQL_NOTES=@@SQL_NOTES, SQL_NOTES=0 */;
CREATE DATABASE /*!32312 IF NOT EXISTS*/`barrierserver` /*!40100 DEFAULT CHARACTER SET utf8 */;

USE `barrierserver`;

/*Table structure for table `message` */

DROP TABLE IF EXISTS `message`;

CREATE TABLE `message` (
  `userid` tinyint(3) unsigned NOT NULL,
  `msg_priority` int(2) unsigned NOT NULL,
  `msg` text NOT NULL,
  `msg_datetime` datetime NOT NULL
) ENGINE=InnoDB DEFAULT CHARSET=utf8;

/*Data for the table `message` */

/*Table structure for table `operations` */

DROP TABLE IF EXISTS `operations`;

CREATE TABLE `operations` (
  `id` bigint(20) unsigned NOT NULL,
  `operation` tinyint(2) unsigned NOT NULL,
  `count` float(7,3) unsigned NOT NULL,
  `price` mediumint(7) unsigned NOT NULL,
  `inactive` tinyint(1) NOT NULL
) ENGINE=InnoDB DEFAULT CHARSET=utf8;

/*Data for the table `operations` */

insert  into `operations`(`id`,`operation`,`count`,`price`,`inactive`) values (8,51,33.000,11000,0);

/*Table structure for table `priority` */

DROP TABLE IF EXISTS `priority`;

CREATE TABLE `priority` (
  `id` bigint(20) NOT NULL AUTO_INCREMENT,
  `bar` tinytext NOT NULL,
  `name` tinytext NOT NULL,
  `turn_price` mediumint(7) unsigned NOT NULL,
  `count` float(7,3) unsigned NOT NULL,
  `sailed` float(7,3) unsigned DEFAULT '0.000',
  `status` tinyint(2) NOT NULL,
  `status_text` tinytext NOT NULL,
  `current_price_ukm` mediumint(7) unsigned NOT NULL,
  `date` datetime NOT NULL,
  UNIQUE KEY `id` (`id`)
) ENGINE=InnoDB AUTO_INCREMENT=15 DEFAULT CHARSET=utf8;

/*Data for the table `priority` */

insert  into `priority`(`id`,`bar`,`name`,`turn_price`,`count`,`sailed`,`status`,`status_text`,`current_price_ukm`,`date`) values (4,'481027200011','САХАР РАФИНАД 1КГ',10150,15.000,NULL,8,'',9670,'2013-03-25 17:43:17'),(5,'481076700458','ЙОГУРТ ШАЛУН 1.5% АНАНАС 150Г',2750,12.000,NULL,8,'',2700,'2013-04-01 17:43:17'),(6,'481059100337','ПОВИДЛО ЯБЛОЧНОЕ 0.5Л',8600,15.000,NULL,5,'',0,'2013-03-03 18:12:31'),(7,'481059100001','РАССОЛЬНИК 0.5Л',7400,12.000,NULL,8,'',7050,'2013-03-03 19:41:15'),(8,'544900000028','НАПИТОК Б/А КОКА-КОЛА РЕТ 2Л',11000,18.000,33.000,3,'',11000,'2013-02-01 11:59:56'),(9,'544900000028','НАПИТОК Б/А КОКА-КОЛА РЕТ 2Л',11000,15.000,NULL,5,'',11000,'2013-04-04 11:59:56'),(10,'544900000028','НАПИТОК Б/А КОКА-КОЛА РЕТ 2Л',11000,12.000,NULL,6,'',11000,'2013-04-04 13:11:16'),(11,'544900000028','НАПИТОК Б/А КОКА-КОЛА РЕТ 2Л',11000,12.000,NULL,7,'',11000,'2013-04-04 13:11:16'),(12,'544900000028','НАПИТОК Б/А КОКА-КОЛА РЕТ 2Л',11000,1.000,NULL,8,'',11000,'2013-04-04 13:11:16'),(13,'544900000028','НАПИТОК Б/А КОКА-КОЛА РЕТ 2Л',11000,1.000,NULL,99,'',11000,'2013-04-04 13:12:29');

/*Table structure for table `sendpos` */

DROP TABLE IF EXISTS `sendpos`;

CREATE TABLE `sendpos` (
  `id` tinyint(2) unsigned NOT NULL,
  `price` smallint(5) unsigned NOT NULL,
  `kod_isp` tinyint(2) unsigned NOT NULL,
  `datetime` datetime NOT NULL,
  `action` char(3) NOT NULL
) ENGINE=InnoDB DEFAULT CHARSET=utf8;

/*Data for the table `sendpos` */

insert  into `sendpos`(`id`,`price`,`kod_isp`,`datetime`,`action`) values (1,8600,30,'2013-04-02 20:32:26','К3'),(1,8600,30,'2013-04-02 20:32:26','К3'),(2,7400,24,'2013-03-18 11:25:10','К3'),(2,7400,24,'2013-03-18 11:27:23','Ц2'),(2,7400,30,'2013-04-02 20:32:26','К3'),(3,7400,24,'2013-03-18 11:25:10','К3'),(3,7400,24,'2013-03-18 11:27:23','Ц2'),(3,7400,30,'2013-04-02 20:32:26','К3'),(4,7400,24,'2013-03-18 11:25:10','К3'),(4,7400,24,'2013-03-18 11:27:23','Ц2'),(4,7400,30,'2013-04-02 20:32:26','К3'),(1,8600,30,'2013-04-02 20:32:26','К3'),(5,8600,30,'2013-04-02 20:32:26','К3'),(2,7400,24,'2013-03-18 11:25:10','К3'),(2,7400,24,'2013-03-18 11:27:23','Ц2'),(2,7400,30,'2013-04-02 20:32:26','К3'),(3,7400,24,'2013-03-18 11:25:10','К3'),(3,7400,24,'2013-03-18 11:27:23','Ц2'),(3,7400,30,'2013-04-02 20:32:26','К3'),(4,7400,24,'2013-03-18 11:25:10','К3'),(4,7400,24,'2013-03-18 11:27:23','Ц2'),(4,7400,30,'2013-04-02 20:32:26','К3'),(1,8600,30,'2013-04-02 20:32:26','К3'),(5,8600,30,'2013-04-02 20:32:26','К3'),(6,8600,30,'2013-04-02 20:32:26','К3'),(2,7400,24,'2013-03-18 11:25:10','К3'),(2,7400,24,'2013-03-18 11:27:23','Ц2'),(2,7400,30,'2013-04-02 20:32:26','К3'),(3,7400,24,'2013-03-18 11:25:10','К3'),(3,7400,24,'2013-03-18 11:27:23','Ц2'),(3,7400,30,'2013-04-02 20:32:26','К3'),(4,7400,24,'2013-03-18 11:25:10','К3'),(4,7400,24,'2013-03-18 11:27:23','Ц2'),(4,7400,30,'2013-04-02 20:32:26','К3'),(1,8600,30,'2013-04-02 20:32:26','К3'),(5,8600,30,'2013-04-02 20:32:26','К3'),(6,8600,30,'2013-04-02 20:32:26','К3'),(7,8600,30,'2013-04-02 20:32:26','К3'),(2,7400,24,'2013-03-18 11:25:10','К3'),(2,7400,24,'2013-03-18 11:27:23','Ц2'),(2,7400,30,'2013-04-02 20:32:26','К3'),(3,7400,24,'2013-03-18 11:25:10','К3'),(3,7400,24,'2013-03-18 11:27:23','Ц2'),(3,7400,30,'2013-04-02 20:32:26','К3'),(4,7400,24,'2013-03-18 11:25:10','К3'),(4,7400,24,'2013-03-18 11:27:23','Ц2'),(4,7400,30,'2013-04-02 20:32:26','К3'),(1,8600,30,'2013-04-02 20:32:26','К3'),(8,8600,30,'2013-04-02 20:32:26','К3'),(2,7400,24,'2013-03-18 11:25:10','К3'),(2,7400,24,'2013-03-18 11:27:23','Ц2'),(2,7400,30,'2013-04-02 20:32:26','К3'),(3,7400,24,'2013-03-18 11:25:10','К3'),(3,7400,24,'2013-03-18 11:27:23','Ц2'),(3,7400,30,'2013-04-02 20:32:26','К3'),(4,7400,24,'2013-03-18 11:25:10','К3'),(4,7400,24,'2013-03-18 11:27:23','Ц2'),(4,7400,30,'2013-04-02 20:32:26','К3'),(1,8600,30,'2013-04-02 20:32:26','К3'),(8,8600,30,'2013-04-02 20:32:26','К3'),(9,8600,30,'2013-04-02 20:32:26','К3'),(2,7400,24,'2013-03-18 11:25:10','К3'),(2,7400,24,'2013-03-18 11:27:23','Ц2'),(2,7400,30,'2013-04-02 20:32:26','К3'),(3,7400,24,'2013-03-18 11:25:10','К3'),(3,7400,24,'2013-03-18 11:27:23','Ц2'),(3,7400,30,'2013-04-02 20:32:26','К3'),(4,7400,24,'2013-03-18 11:25:10','К3'),(4,7400,24,'2013-03-18 11:27:23','Ц2'),(4,7400,30,'2013-04-02 20:32:26','К3'),(9,8600,30,'2013-04-02 20:32:26','К3'),(2,7400,24,'2013-03-18 11:25:10','К3'),(2,7400,24,'2013-03-18 11:27:23','Ц2'),(2,7400,30,'2013-04-02 20:32:26','К3'),(3,7400,24,'2013-03-18 11:25:10','К3'),(3,7400,24,'2013-03-18 11:27:23','Ц2'),(3,7400,30,'2013-04-02 20:32:26','К3'),(4,7400,24,'2013-03-18 11:25:10','К3'),(4,7400,24,'2013-03-18 11:27:23','Ц2'),(4,7400,30,'2013-04-02 20:32:26','К3'),(9,8600,30,'2013-04-02 20:32:26','К3'),(2,7400,24,'2013-03-18 11:25:10','К3'),(2,7400,24,'2013-03-18 11:27:23','Ц2'),(2,7400,30,'2013-04-02 20:32:26','К3'),(3,7400,24,'2013-03-18 11:25:10','К3'),(3,7400,24,'2013-03-18 11:27:23','Ц2'),(3,7400,30,'2013-04-02 20:32:26','К3'),(4,7400,24,'2013-03-18 11:25:10','К3'),(4,7400,24,'2013-03-18 11:27:23','Ц2'),(4,7400,30,'2013-04-02 20:32:26','К3'),(9,8600,30,'2013-04-02 20:32:26','К3'),(2,7400,24,'2013-03-18 11:25:10','К3'),(2,7400,24,'2013-03-18 11:27:23','Ц2'),(2,7400,30,'2013-04-02 20:32:26','К3'),(3,7400,24,'2013-03-18 11:25:10','К3'),(3,7400,24,'2013-03-18 11:27:23','Ц2'),(3,7400,30,'2013-04-02 20:32:26','К3'),(4,7400,24,'2013-03-18 11:25:10','К3'),(4,7400,24,'2013-03-18 11:27:23','Ц2'),(4,7400,30,'2013-04-02 20:32:26','К3'),(15,11000,23,'2013-02-04 14:56:05','К3'),(15,11000,23,'2013-02-04 14:56:18','К3'),(15,11000,12,'2013-02-06 13:32:37','К3'),(15,11000,12,'2013-02-06 13:33:42','К3'),(15,11000,24,'2013-02-11 09:22:38','К3'),(15,11000,23,'2013-02-14 09:25:57','К3'),(16,11000,23,'2013-02-04 14:56:05','К3'),(16,11000,23,'2013-02-04 14:56:18','К3'),(16,11000,12,'2013-02-06 13:32:37','К3'),(16,11000,12,'2013-02-06 13:33:42','К3'),(16,11000,24,'2013-02-11 09:22:38','К3'),(16,11000,23,'2013-02-14 09:25:57','К3'),(15,11000,23,'2013-02-04 14:56:05','К3');

/*Table structure for table `tasks` */

DROP TABLE IF EXISTS `tasks`;

CREATE TABLE `tasks` (
  `tasks_id` bigint(20) unsigned NOT NULL AUTO_INCREMENT,
  `priority_id` bigint(20) unsigned NOT NULL,
  `user_group` int(2) NOT NULL,
  `task_text` longtext NOT NULL,
  `user_id` tinyint(4) NOT NULL,
  `priority` tinyint(4) NOT NULL,
  `date` datetime NOT NULL,
  `inactive` tinyint(1) unsigned NOT NULL,
  UNIQUE KEY `tasks_id` (`tasks_id`)
) ENGINE=InnoDB AUTO_INCREMENT=17 DEFAULT CHARSET=utf8;

/*Data for the table `tasks` */

insert  into `tasks`(`tasks_id`,`priority_id`,`user_group`,`task_text`,`user_id`,`priority`,`date`,`inactive`) values (2,7,2,' Продажи дешевле цены очередности [7050]',0,5,'2013-04-03 19:42:12',0),(3,7,1,' Нужна прогрузка цены на кассу',0,3,'2013-04-03 19:42:12',0),(4,7,2,' Продано больше чем нужно',0,3,'2013-04-03 19:42:12',0),(9,6,1,'481059100337 Нет продаж.Число дней: [31] ',0,5,'2013-04-03 20:20:17',0),(10,4,1,'481027200011 Нет продаж.Число дней: [9] ',0,5,'2013-04-04 11:54:17',0),(11,7,1,'481059100001 Нет продаж.Число дней: [31] ',0,5,'2013-04-04 11:54:18',0),(12,4,1,' Цена на кассе меньше цены очередности [9670]',0,8,'2013-04-04 11:54:19',0),(13,7,1,' Цена на кассе меньше цены очередности [7050]',0,8,'2013-04-04 11:54:19',0),(14,5,1,' Цена на кассе меньше цены очередности [2700]',0,8,'2013-04-04 11:54:19',0),(15,8,1,' Нужна прогрузка цены на кассу',0,3,'2013-04-04 12:00:29',0),(16,8,2,' Продано больше чем нужно',0,3,'2013-04-04 12:00:29',0);

/*Table structure for table `users` */

DROP TABLE IF EXISTS `users`;

CREATE TABLE `users` (
  `id` tinyint(4) NOT NULL AUTO_INCREMENT,
  `username` tinytext NOT NULL,
  `hash` tinytext NOT NULL,
  `group` tinyint(2) DEFAULT NULL,
  `online` tinyint(1) DEFAULT NULL,
  `ip` tinytext,
  `tasks_count` int(11) DEFAULT NULL,
  `tasks_failed` int(11) DEFAULT NULL,
  UNIQUE KEY `id` (`id`)
) ENGINE=InnoDB AUTO_INCREMENT=3 DEFAULT CHARSET=utf8;

/*Data for the table `users` */

insert  into `users`(`id`,`username`,`hash`,`group`,`online`,`ip`,`tasks_count`,`tasks_failed`) values (1,'partizanes','1ed6ad31cf5f6e0d10e18f8db3f08c9f',2,0,'127.0.0.1',NULL,NULL),(2,'user','91ff7d7746319a2d34f93537c3e54173',1,0,'127.0.0.1',NULL,NULL);

/*!40101 SET SQL_MODE=@OLD_SQL_MODE */;
/*!40014 SET FOREIGN_KEY_CHECKS=@OLD_FOREIGN_KEY_CHECKS */;
/*!40014 SET UNIQUE_CHECKS=@OLD_UNIQUE_CHECKS */;
/*!40111 SET SQL_NOTES=@OLD_SQL_NOTES */;
