/*
SQLyog Ultimate v8.62 
MySQL - 5.0.84-community-nt : Database - barrierserver
*********************************************************************
*/

/*!40101 SET NAMES utf8 */;

/*!40101 SET SQL_MODE=''*/;

/*!40014 SET @OLD_UNIQUE_CHECKS=@@UNIQUE_CHECKS, UNIQUE_CHECKS=0 */;
/*!40014 SET @OLD_FOREIGN_KEY_CHECKS=@@FOREIGN_KEY_CHECKS, FOREIGN_KEY_CHECKS=0 */;
/*!40101 SET @OLD_SQL_MODE=@@SQL_MODE, SQL_MODE='NO_AUTO_VALUE_ON_ZERO' */;
/*!40111 SET @OLD_SQL_NOTES=@@SQL_NOTES, SQL_NOTES=0 */;
CREATE DATABASE /*!32312 IF NOT EXISTS*/`barrierserver` /*!40100 DEFAULT CHARACTER SET utf8 */;

USE `barrierserver`;

/*Table structure for table `message` */

DROP TABLE IF EXISTS `message`;

CREATE TABLE `message` (
  `userid` tinyint(3) unsigned NOT NULL,
  `msg_priority` int(2) unsigned NOT NULL,
  `msg_color` tinytext NOT NULL,
  `msg` text NOT NULL,
  `msg_datetime` datetime NOT NULL
) ENGINE=InnoDB DEFAULT CHARSET=utf8;

/*Data for the table `message` */

insert  into `message`(`userid`,`msg_priority`,`msg_color`,`msg`,`msg_datetime`) values (1,1,'Green','Существуют две основных трактовки понятия «текст»: «имманентная» (расширенная, философски нагруженная).','2013-04-04 19:37:34'),(2,3,'Blue','В лингвистике термин текст используется в широком значении, включая и образцы устной речи.','2013-04-04 19:40:29'),(2,2,'Red','В смысловой цельности текста отражаются те связи и зависимости, которые имеются в самой действительности.','2013-04-04 19:43:03'),(2,5,'Cyan','Текст — это высказывание на определённую тему;','2013-04-04 20:24:18'),(2,4,'White','Предложения логически связаны между собой.','2013-04-04 20:25:06'),(2,5,'Silver','Правильно оформленный текст обычно имеет начало и конец.','2013-04-04 20:37:09'),(2,9,'Silver','К тексту можно подобрать заголовок;','2013-04-04 20:41:03'),(2,8,'Yellow','Текст любого размера — это относительно автономное ','2013-04-04 20:41:37'),(2,9,'ffff0080','ikrujyhsrh5h','2013-04-04 22:18:47'),(2,1,'Silver','hdzrtherheherh','2013-04-04 22:21:39'),(2,9,'ffff0080','se,hoerjerjgerpg[regk[rkg[rdkgrdgkdr[k','2013-04-04 22:22:08'),(2,8,'ffff0080','fwagawgawgawgwa','2013-04-04 22:45:37'),(2,9,'ffff8000','hbmdfkhgpohwepnonoSHRNOMSMOPSMOMODNMPONDmoppm','2013-04-04 22:47:34'),(2,5,'Yellow','fawfawfawfafawfaw','2013-04-04 22:54:05'),(2,9,'Aqua','jkpjgvfg fgyhghft hyyt','2013-04-04 22:54:44'),(2,7,'Lime','hvgcdzxkouyguhytt','2013-04-04 22:55:03'),(2,9,'Lime','[22:54:12] afgawgfaweghaghagawahawha','2013-04-04 22:58:54');

/*Table structure for table `operations` */

DROP TABLE IF EXISTS `operations`;

CREATE TABLE `operations` (
  `id` bigint(20) unsigned NOT NULL,
  `operation` tinyint(2) unsigned NOT NULL,
  `count` float(7,3) unsigned NOT NULL,
  `price` mediumint(7) unsigned NOT NULL,
  `inactive` tinyint(1) NOT NULL
) ENGINE=InnoDB DEFAULT CHARSET=utf8;

/*Data for the table `operations` */

insert  into `operations`(`id`,`operation`,`count`,`price`,`inactive`) values (4,51,15.000,10150,0),(5,51,7.000,2750,0),(7,51,20.000,7050,0),(7,51,35.000,7400,0),(8,51,1285.000,11000,0),(9,51,5.000,11000,0),(10,51,5.000,11000,0),(11,51,5.000,11000,0),(12,51,5.000,11000,0),(13,51,5.000,11000,0);

/*Table structure for table `priority` */

DROP TABLE IF EXISTS `priority`;

CREATE TABLE `priority` (
  `id` bigint(20) NOT NULL auto_increment,
  `bar` tinytext NOT NULL,
  `name` tinytext NOT NULL,
  `turn_price` mediumint(7) unsigned NOT NULL,
  `count` float(7,3) unsigned NOT NULL,
  `sailed` float(7,3) unsigned default '0.000',
  `status` tinyint(2) NOT NULL,
  `status_text` tinytext NOT NULL,
  `current_price_ukm` mediumint(7) unsigned NOT NULL,
  `date` datetime NOT NULL,
  UNIQUE KEY `id` (`id`)
) ENGINE=InnoDB AUTO_INCREMENT=15 DEFAULT CHARSET=utf8;

/*Data for the table `priority` */

insert  into `priority`(`id`,`bar`,`name`,`turn_price`,`count`,`sailed`,`status`,`status_text`,`current_price_ukm`,`date`) values (4,'481027200011','САХАР РАФИНАД 1КГ',10150,15.000,15.000,2,'',10150,'2013-03-25 17:43:17'),(5,'481076700458','ЙОГУРТ ШАЛУН 1.5% АНАНАС 150Г',2750,12.000,7.000,1,'',2750,'2013-04-01 17:43:17'),(6,'481059100337','ПОВИДЛО ЯБЛОЧНОЕ 0.5Л',8600,15.000,NULL,1,'',8600,'2013-03-03 18:12:31'),(7,'481059100001','РАССОЛЬНИК 0.5Л',7400,12.000,55.000,3,'',7400,'2013-03-03 19:41:15'),(8,'544900000028','НАПИТОК Б/А КОКА-КОЛА РЕТ 2Л',11000,18.000,1285.000,3,'',11000,'2013-02-01 11:59:56'),(9,'544900000028','НАПИТОК Б/А КОКА-КОЛА РЕТ 2Л',11000,15.000,5.000,5,'',11000,'2013-04-04 11:59:56'),(10,'544900000028','НАПИТОК Б/А КОКА-КОЛА РЕТ 2Л',11000,12.000,5.000,6,'',11000,'2013-04-04 13:11:16'),(11,'544900000028','НАПИТОК Б/А КОКА-КОЛА РЕТ 2Л',11000,12.000,5.000,7,'',11000,'2013-04-04 13:11:16'),(12,'544900000028','НАПИТОК Б/А КОКА-КОЛА РЕТ 2Л',11000,1.000,5.000,3,'',11000,'2013-04-04 13:11:16'),(13,'544900000028','НАПИТОК Б/А КОКА-КОЛА РЕТ 2Л',11000,1.000,5.000,3,'',11000,'2013-04-04 13:12:29');

/*Table structure for table `sendpos` */

DROP TABLE IF EXISTS `sendpos`;

CREATE TABLE `sendpos` (
  `id` tinyint(2) unsigned NOT NULL,
  `price` smallint(5) unsigned NOT NULL,
  `kod_isp` tinyint(2) unsigned NOT NULL,
  `datetime` datetime NOT NULL,
  `action` char(3) NOT NULL
) ENGINE=InnoDB DEFAULT CHARSET=utf8;

/*Data for the table `sendpos` */

insert  into `sendpos`(`id`,`price`,`kod_isp`,`datetime`,`action`) values (1,8600,30,'2013-04-02 20:32:26','К3'),(1,8600,30,'2013-04-02 20:32:26','К3'),(2,7400,24,'2013-03-18 11:25:10','К3'),(2,7400,24,'2013-03-18 11:27:23','Ц2'),(2,7400,30,'2013-04-02 20:32:26','К3'),(3,7400,24,'2013-03-18 11:25:10','К3'),(3,7400,24,'2013-03-18 11:27:23','Ц2'),(3,7400,30,'2013-04-02 20:32:26','К3'),(4,7400,24,'2013-03-18 11:25:10','К3'),(4,7400,24,'2013-03-18 11:27:23','Ц2'),(4,7400,30,'2013-04-02 20:32:26','К3'),(1,8600,30,'2013-04-02 20:32:26','К3'),(5,8600,30,'2013-04-02 20:32:26','К3'),(2,7400,24,'2013-03-18 11:25:10','К3'),(2,7400,24,'2013-03-18 11:27:23','Ц2'),(2,7400,30,'2013-04-02 20:32:26','К3'),(3,7400,24,'2013-03-18 11:25:10','К3'),(3,7400,24,'2013-03-18 11:27:23','Ц2'),(3,7400,30,'2013-04-02 20:32:26','К3'),(4,7400,24,'2013-03-18 11:25:10','К3'),(4,7400,24,'2013-03-18 11:27:23','Ц2'),(4,7400,30,'2013-04-02 20:32:26','К3'),(1,8600,30,'2013-04-02 20:32:26','К3'),(5,8600,30,'2013-04-02 20:32:26','К3'),(6,8600,30,'2013-04-02 20:32:26','К3'),(2,7400,24,'2013-03-18 11:25:10','К3'),(2,7400,24,'2013-03-18 11:27:23','Ц2'),(2,7400,30,'2013-04-02 20:32:26','К3'),(3,7400,24,'2013-03-18 11:25:10','К3'),(3,7400,24,'2013-03-18 11:27:23','Ц2'),(3,7400,30,'2013-04-02 20:32:26','К3'),(4,7400,24,'2013-03-18 11:25:10','К3'),(4,7400,24,'2013-03-18 11:27:23','Ц2'),(4,7400,30,'2013-04-02 20:32:26','К3'),(1,8600,30,'2013-04-02 20:32:26','К3'),(5,8600,30,'2013-04-02 20:32:26','К3'),(6,8600,30,'2013-04-02 20:32:26','К3'),(7,8600,30,'2013-04-02 20:32:26','К3'),(2,7400,24,'2013-03-18 11:25:10','К3'),(2,7400,24,'2013-03-18 11:27:23','Ц2'),(2,7400,30,'2013-04-02 20:32:26','К3'),(3,7400,24,'2013-03-18 11:25:10','К3'),(3,7400,24,'2013-03-18 11:27:23','Ц2'),(3,7400,30,'2013-04-02 20:32:26','К3'),(4,7400,24,'2013-03-18 11:25:10','К3'),(4,7400,24,'2013-03-18 11:27:23','Ц2'),(4,7400,30,'2013-04-02 20:32:26','К3'),(1,8600,30,'2013-04-02 20:32:26','К3'),(8,8600,30,'2013-04-02 20:32:26','К3'),(2,7400,24,'2013-03-18 11:25:10','К3'),(2,7400,24,'2013-03-18 11:27:23','Ц2'),(2,7400,30,'2013-04-02 20:32:26','К3'),(3,7400,24,'2013-03-18 11:25:10','К3'),(3,7400,24,'2013-03-18 11:27:23','Ц2'),(3,7400,30,'2013-04-02 20:32:26','К3'),(4,7400,24,'2013-03-18 11:25:10','К3'),(4,7400,24,'2013-03-18 11:27:23','Ц2'),(4,7400,30,'2013-04-02 20:32:26','К3'),(1,8600,30,'2013-04-02 20:32:26','К3'),(8,8600,30,'2013-04-02 20:32:26','К3'),(9,8600,30,'2013-04-02 20:32:26','К3'),(2,7400,24,'2013-03-18 11:25:10','К3'),(2,7400,24,'2013-03-18 11:27:23','Ц2'),(2,7400,30,'2013-04-02 20:32:26','К3'),(3,7400,24,'2013-03-18 11:25:10','К3'),(3,7400,24,'2013-03-18 11:27:23','Ц2'),(3,7400,30,'2013-04-02 20:32:26','К3'),(4,7400,24,'2013-03-18 11:25:10','К3'),(4,7400,24,'2013-03-18 11:27:23','Ц2'),(4,7400,30,'2013-04-02 20:32:26','К3'),(9,8600,30,'2013-04-02 20:32:26','К3'),(2,7400,24,'2013-03-18 11:25:10','К3'),(2,7400,24,'2013-03-18 11:27:23','Ц2'),(2,7400,30,'2013-04-02 20:32:26','К3'),(3,7400,24,'2013-03-18 11:25:10','К3'),(3,7400,24,'2013-03-18 11:27:23','Ц2'),(3,7400,30,'2013-04-02 20:32:26','К3'),(4,7400,24,'2013-03-18 11:25:10','К3'),(4,7400,24,'2013-03-18 11:27:23','Ц2'),(4,7400,30,'2013-04-02 20:32:26','К3'),(9,8600,30,'2013-04-02 20:32:26','К3'),(2,7400,24,'2013-03-18 11:25:10','К3'),(2,7400,24,'2013-03-18 11:27:23','Ц2'),(2,7400,30,'2013-04-02 20:32:26','К3'),(3,7400,24,'2013-03-18 11:25:10','К3'),(3,7400,24,'2013-03-18 11:27:23','Ц2'),(3,7400,30,'2013-04-02 20:32:26','К3'),(4,7400,24,'2013-03-18 11:25:10','К3'),(4,7400,24,'2013-03-18 11:27:23','Ц2'),(4,7400,30,'2013-04-02 20:32:26','К3'),(9,8600,30,'2013-04-02 20:32:26','К3'),(2,7400,24,'2013-03-18 11:25:10','К3'),(2,7400,24,'2013-03-18 11:27:23','Ц2'),(2,7400,30,'2013-04-02 20:32:26','К3'),(3,7400,24,'2013-03-18 11:25:10','К3'),(3,7400,24,'2013-03-18 11:27:23','Ц2'),(3,7400,30,'2013-04-02 20:32:26','К3'),(4,7400,24,'2013-03-18 11:25:10','К3'),(4,7400,24,'2013-03-18 11:27:23','Ц2'),(4,7400,30,'2013-04-02 20:32:26','К3'),(15,11000,23,'2013-02-04 14:56:05','К3'),(15,11000,23,'2013-02-04 14:56:18','К3'),(15,11000,12,'2013-02-06 13:32:37','К3'),(15,11000,12,'2013-02-06 13:33:42','К3'),(15,11000,24,'2013-02-11 09:22:38','К3'),(15,11000,23,'2013-02-14 09:25:57','К3'),(16,11000,23,'2013-02-04 14:56:05','К3'),(16,11000,23,'2013-02-04 14:56:18','К3'),(16,11000,12,'2013-02-06 13:32:37','К3'),(16,11000,12,'2013-02-06 13:33:42','К3'),(16,11000,24,'2013-02-11 09:22:38','К3'),(16,11000,23,'2013-02-14 09:25:57','К3'),(15,11000,23,'2013-02-04 14:56:05','К3');

/*Table structure for table `tasks` */

DROP TABLE IF EXISTS `tasks`;

CREATE TABLE `tasks` (
  `tasks_id` bigint(20) unsigned NOT NULL auto_increment,
  `priority_id` bigint(20) unsigned NOT NULL,
  `user_group` int(2) NOT NULL,
  `task_text` longtext NOT NULL,
  `user_id` tinyint(4) NOT NULL,
  `priority` tinyint(4) NOT NULL,
  `date` datetime NOT NULL,
  `inactive` tinyint(1) unsigned NOT NULL,
  UNIQUE KEY `tasks_id` (`tasks_id`)
) ENGINE=InnoDB AUTO_INCREMENT=30 DEFAULT CHARSET=utf8;

/*Data for the table `tasks` */

insert  into `tasks`(`tasks_id`,`priority_id`,`user_group`,`task_text`,`user_id`,`priority`,`date`,`inactive`) values (13,7,1,' Цена на кассе меньше цены очередности [7050]',0,8,'2013-04-04 11:54:19',0),(14,5,1,' Цена на кассе меньше цены очередности [2700]',0,8,'2013-04-04 11:54:19',0),(15,8,1,' Нужна прогрузка цены на кассу',2,3,'2013-04-04 12:00:29',0),(16,8,2,' Продано больше чем нужно',0,3,'2013-04-04 12:00:29',0),(17,6,1,' 481059100337 Нет продаж.Число дней: [31] ',0,5,'2013-04-04 15:36:41',0),(18,6,1,' 481059100337 Нет продаж.Число дней: [32] ',0,5,'2013-04-04 18:17:36',0),(19,12,1,' Нужна прогрузка цены на касску',0,2,'2013-04-04 18:19:30',0),(20,13,1,' Нужна прогрузка цены на касску',0,2,'2013-04-04 18:19:30',0),(21,4,1,' Нужна прогрузка цены на касску',0,2,'2013-04-04 18:51:57',0),(22,6,1,' 481059100337 Нет продаж.Число дней: [32] ',2,1,'2013-04-04 20:25:29',0),(23,12,1,' Нужна прогрузка цены на кассу',0,3,'2013-04-04 21:02:48',0),(24,12,2,' Продано больше чем нужно',0,3,'2013-04-04 21:02:48',0),(25,13,1,' Нужна прогрузка цены на кассу',0,3,'2013-04-04 21:02:48',0),(26,13,2,' Продано больше чем нужно',0,3,'2013-04-04 21:02:49',0),(27,7,2,' Продажи дешевле цены очередности [7050]',0,5,'2013-04-04 22:06:49',0),(28,7,1,' Нужна прогрузка цены на кассу',0,3,'2013-04-04 22:06:49',0),(29,7,2,' Продано больше чем нужно',0,3,'2013-04-04 22:06:49',0);

/*Table structure for table `users` */

DROP TABLE IF EXISTS `users`;

CREATE TABLE `users` (
  `id` tinyint(4) NOT NULL auto_increment,
  `username` tinytext NOT NULL,
  `hash` tinytext NOT NULL,
  `group` tinyint(2) default NULL,
  `online` tinyint(1) default NULL,
  `ip` tinytext,
  `tasks_count` int(11) default NULL,
  `tasks_failed` int(11) default NULL,
  UNIQUE KEY `id` (`id`)
) ENGINE=InnoDB AUTO_INCREMENT=3 DEFAULT CHARSET=utf8;

/*Data for the table `users` */

insert  into `users`(`id`,`username`,`hash`,`group`,`online`,`ip`,`tasks_count`,`tasks_failed`) values (1,'partizanes','1ed6ad31cf5f6e0d10e18f8db3f08c9f',2,0,'127.0.0.1',NULL,NULL),(2,'user','91ff7d7746319a2d34f93537c3e54173',1,0,'127.0.0.1',NULL,NULL);

/*!40101 SET SQL_MODE=@OLD_SQL_MODE */;
/*!40014 SET FOREIGN_KEY_CHECKS=@OLD_FOREIGN_KEY_CHECKS */;
/*!40014 SET UNIQUE_CHECKS=@OLD_UNIQUE_CHECKS */;
/*!40111 SET SQL_NOTES=@OLD_SQL_NOTES */;
